{
  "gui_light": "side",
  "textures": {
    "all": "mekanismadditions:entity/balloon"
  },
  "elements": [
    {
      "name": "balloon_nub",
      "from": [7.5, 8, 7.5],
      "to": [8.5, 9, 8.5],
      "faces": {
        "north": {"uv": [0, 0, 1, 1], "texture": "#all", "tintindex": 0},
        "east": {"uv": [0, 0, 1, 1], "texture": "#all", "tintindex": 0},
        "south": {"uv": [0, 0, 1, 1], "texture": "#all", "tintindex": 0},
        "west": {"uv": [0, 0, 1, 1], "texture": "#all", "tintindex": 0}
      }
    },
    {
      "name": "balloon_end",
      "from": [7, 7, 7],
      "to": [9, 8, 9],
      "faces": {
        "north": {"uv": [3, 7, 5, 8], "texture": "#all", "tintindex": 0},
        "east": {"uv": [3, 7, 5, 8], "texture": "#all", "tintindex": 0},
        "south": {"uv": [3, 7, 5, 8], "texture": "#all", "tintindex": 0},
        "west": {"uv": [3, 7, 5, 8], "texture": "#all", "tintindex": 0},
        "up": {"uv": [3, 7, 5, 9], "texture": "#all", "tintindex": 0},
        "down": {"uv": [8, 2, 10, 4], "texture": "#all", "tintindex": 0}
      }
    },
    {
      "name": "balloon",
      "from": [5, 9, 5],
      "to": [11, 16, 11],
      "faces": {
        "north": {"uv": [0, 6, 6, 13], "texture": "#all", "tintindex": 0},
        "east": {"uv": [6, 6, 12, 13], "texture": "#all", "tintindex": 0},
        "south": {"uv": [0, 6, 6, 13], "texture": "#all", "tintindex": 0},
        "west": {"uv": [6, 6, 12, 13], "texture": "#all", "tintindex": 0},
        "up": {"uv": [0, 0, 6, 6], "texture": "#all", "tintindex": 0},
        "down": {"uv": [6, 0, 12, 6], "texture": "#all", "tintindex": 0}
      }
    }
  ],
  "display": {
    "ground": {
      "translation": [0, 3, 0],
      "scale": [0.75, 0.75, 0.75]
    },
    "fixed": {
      "translation": [0, -3.75, -0.5],
      "scale": [1.5, 1.5, 1.5]
    }
  }
}