{
    "parent": "minecraft:item/generated",
    "textures": { 
        "layer0": "mekanismadditions:item/walkie_talkie"
    },
    "overrides": [
        {
            "predicate": {
                "mekanismadditions:channel": 1
            },
            "model": "mekanismadditions:item/walkie_talkie_ch1"
        },
        {
            "predicate": {
                "mekanismadditions:channel": 2
            },
            "model": "mekanismadditions:item/walkie_talkie_ch2"
        },
        {
            "predicate": {
                "mekanismadditions:channel": 3
            },
            "model": "mekanismadditions:item/walkie_talkie_ch3"
        },
        {
            "predicate": {
                "mekanismadditions:channel": 4
            },
            "model": "mekanismadditions:item/walkie_talkie_ch4"
        },
        {
            "predicate": {
                "mekanismadditions:channel": 5
            },
            "model": "mekanismadditions:item/walkie_talkie_ch5"
        },
        {
            "predicate": {
                "mekanismadditions:channel": 6
            },
            "model": "mekanismadditions:item/walkie_talkie_ch6"
        },
        {
            "predicate": {
                "mekanismadditions:channel": 7
            },
            "model": "mekanismadditions:item/walkie_talkie_ch7"
        },
        {
            "predicate": {
                "mekanismadditions:channel": 8
            },
            "model": "mekanismadditions:item/walkie_talkie_ch8"
        },
        {
            "predicate": {
                "mekanismadditions:channel": 9
            },
            "model": "mekanismadditions:item/walkie_talkie_ch9"
        }
    ]
}