{
  "ambientocclusion": false,
  "textures": {
    "particle": "#texture"
  },
  "elements": [
    {
      "__comment": "Left-hand post",
      "from": [ 0, 2, 7 ],
      "to": [ 2, 13, 9 ],
      "faces": {
        "down":  { "uv": [ 0, 7, 2,  9 ], "texture": "#texture", "tintindex": 0 },
        "up":    { "uv": [ 0, 7, 2,  9 ], "texture": "#texture", "tintindex": 0 },
        "north": { "uv": [ 0, 0, 2, 11 ], "texture": "#texture", "tintindex": 0 },
        "south": { "uv": [ 0, 0, 2, 11 ], "texture": "#texture", "tintindex": 0 },
        "west":  { "uv": [ 7, 0, 9, 11 ], "texture": "#texture", "tintindex": 0, "cullface": "west" },
        "east":  { "uv": [ 7, 0, 9, 11 ], "texture": "#texture", "tintindex": 0 }
      }
    },
    {
      "__comment": "Right-hand post",
      "from": [ 14, 2, 7 ],
      "to": [ 16, 13, 9 ],
      "faces": {
        "down":  { "uv": [ 14, 7, 16,  9 ], "texture": "#texture", "tintindex": 0 },
        "up":    { "uv": [ 14, 7, 16,  9 ], "texture": "#texture", "tintindex": 0 },
        "north": { "uv": [ 14, 0, 16, 11 ], "texture": "#texture", "tintindex": 0 },
        "south": { "uv": [ 14, 0, 16, 11 ], "texture": "#texture", "tintindex": 0 },
        "west":  { "uv": [  7, 0,  9, 11 ], "texture": "#texture", "tintindex": 0 },
        "east":  { "uv": [  7, 0,  9, 11 ], "texture": "#texture", "tintindex": 0, "cullface": "east" }
      }
    },
    {
      "__comment": "Inner vertical post of left-hand gate door",
      "from": [ 0, 3, 13 ],
      "to": [ 2, 12, 15 ],
      "faces": {
        "down":  { "uv": [  0, 13,  2, 15 ], "texture": "#texture", "tintindex": 0 },
        "up":    { "uv": [  0, 13,  2, 15 ], "texture": "#texture", "tintindex": 0 },
        "north": { "uv": [  0,  1,  2, 10 ], "texture": "#texture", "tintindex": 0 },
        "south": { "uv": [  0,  1,  2, 10 ], "texture": "#texture", "tintindex": 0 },
        "west":  { "uv": [ 13,  1, 15, 10 ], "texture": "#texture", "tintindex": 0 },
        "east":  { "uv": [ 13,  1, 15, 10 ], "texture": "#texture", "tintindex": 0 }
      }
    },
    {
      "__comment": "Inner vertical post of right-hand gate door",
      "from": [ 14, 3, 13 ],
      "to": [ 16, 12, 15 ],
      "faces": {
        "down":  { "uv": [ 14, 13, 16, 15 ], "texture": "#texture", "tintindex": 0 },
        "up":    { "uv": [ 14, 13, 16, 15 ], "texture": "#texture", "tintindex": 0 },
        "north": { "uv": [ 14,  1, 16, 10 ], "texture": "#texture", "tintindex": 0 },
        "south": { "uv": [ 14,  1, 16, 10 ], "texture": "#texture", "tintindex": 0 },
        "west":  { "uv": [ 13,  1, 15, 10 ], "texture": "#texture", "tintindex": 0 },
        "east":  { "uv": [ 13,  1, 15, 10 ], "texture": "#texture", "tintindex": 0 }
      }
    },
    {
      "__comment": "Lower horizontal bar of left-hand gate door",
      "from": [ 0, 3, 9 ],
      "to": [ 2, 6, 13 ],
      "faces": {
        "down":  { "uv": [  0, 9,  2, 13 ], "texture": "#texture", "tintindex": 0 },
        "up":    { "uv": [  0, 9,  2, 13 ], "texture": "#texture", "tintindex": 0 },
        "west":  { "uv": [ 13, 7, 15, 10 ], "texture": "#texture", "tintindex": 0 },
        "east":  { "uv": [ 13, 7, 15, 10 ], "texture": "#texture", "tintindex": 0 }
      }
    },
    {
      "__comment": "Upper horizontal bar of left-hand gate door",
      "from": [ 0, 9, 9 ],
      "to": [ 2, 12, 13 ],
      "faces": {
        "down":  { "uv": [  0, 9,  2, 13 ], "texture": "#texture", "tintindex": 0 },
        "up":    { "uv": [  0, 9,  2, 13 ], "texture": "#texture", "tintindex": 0 },
        "west":  { "uv": [ 13, 1, 15,  4 ], "texture": "#texture", "tintindex": 0 },
        "east":  { "uv": [ 13, 1, 15,  4 ], "texture": "#texture", "tintindex": 0 }
      }
    },
    {
      "__comment": "Lower horizontal bar of left-hand gate door",
      "from": [ 14, 3, 9 ],
      "to": [ 16, 6, 13 ],
      "faces": {
        "down":  { "uv": [ 14, 9, 16, 13 ], "texture": "#texture", "tintindex": 0 },
        "up":    { "uv": [ 14, 9, 16, 13 ], "texture": "#texture", "tintindex": 0 },
        "west":  { "uv": [ 13, 7, 15, 10 ], "texture": "#texture", "tintindex": 0 },
        "east":  { "uv": [ 13, 7, 15, 10 ], "texture": "#texture", "tintindex": 0 }
      }
    },
    {
      "__comment": "Upper horizontal bar of left-hand gate door",
      "from": [ 14, 9, 9 ],
      "to": [ 16, 12, 13 ],
      "faces": {
        "down":  { "uv": [ 14, 9, 16, 13 ], "texture": "#texture", "tintindex": 0 },
        "up":    { "uv": [ 14, 9, 16, 13 ], "texture": "#texture", "tintindex": 0 },
        "west":  { "uv": [ 13, 1, 15,  4 ], "texture": "#texture", "tintindex": 0 },
        "east":  { "uv": [ 13, 1, 15,  4 ], "texture": "#texture", "tintindex": 0 }
      }
    }
  ]
}