{
  "parent": "block/block",
  "display": {
    "gui": {
      "rotation": [ 30, 135, 0 ],
      "translation": [ 0, 0, 0],
      "scale":[ 0.625, 0.625, 0.625 ]
    },
    "head": {
      "rotation": [ 0, -90, 0 ],
      "translation": [ 0, 0, 0 ],
      "scale": [ 1, 1, 1 ]
    },
    "thirdperson_lefthand": {
      "rotation": [ 75, -135, 0 ],
      "translation": [ 0, 2.5, 0],
      "scale": [ 0.375, 0.375, 0.375 ]
    }
  },
  "textures": {
    "particle": "#side"
  },
  "elements": [
    {
      "from": [ 0, 0, 0 ],
      "to": [ 16, 8, 16 ],
      "faces": {
        "down":  { "uv": [ 0, 0, 16, 16 ], "texture": "#bottom", "tintindex": 0, "cullface": "down" },
        "up":    { "uv": [ 0, 0, 16, 16 ], "texture": "#top", "tintindex": 0 },
        "north": { "uv": [ 0, 8, 16, 16 ], "texture": "#side", "tintindex": 0, "cullface": "north" },
        "south": { "uv": [ 0, 8, 16, 16 ], "texture": "#side", "tintindex": 0, "cullface": "south" },
        "west":  { "uv": [ 0, 8, 16, 16 ], "texture": "#side", "tintindex": 0, "cullface": "west" },
        "east":  { "uv": [ 0, 8, 16, 16 ], "texture": "#side", "tintindex": 0, "cullface": "east" }
      }
    },
    {
      "from": [ 8, 8, 0 ],
      "to": [ 16, 16, 16 ],
      "faces": {
        "up":    { "uv": [ 8, 0, 16, 16 ], "texture": "#top", "tintindex": 0, "cullface": "up" },
        "north": { "uv": [ 0, 0,  8,  8 ], "texture": "#side", "tintindex": 0, "cullface": "north" },
        "south": { "uv": [ 8, 0, 16,  8 ], "texture": "#side", "tintindex": 0, "cullface": "south" },
        "west":  { "uv": [ 0, 0, 16,  8 ], "texture": "#side", "tintindex": 0 },
        "east":  { "uv": [ 0, 0, 16,  8 ], "texture": "#side", "tintindex": 0, "cullface": "east" }
      }
    }
  ]
}