{
  "textures": {
    "particle": "#side"
  },
  "elements": [
    {
      "from": [ 0, 0, 0 ],
      "to": [ 8, 8, 8 ],
      "faces": {
        "down":  { "uv": [ 0, 8,  8, 16 ], "texture": "#bottom", "tintindex": 0, "cullface": "down" },
        "up":    { "uv": [ 0, 0,  8,  8 ], "texture": "#top", "tintindex": 0 },
        "north": { "uv": [ 8, 8, 16, 16 ], "texture": "#side", "tintindex": 0, "cullface": "north" },
        "west":  { "uv": [ 0, 8,  8, 16 ], "texture": "#side", "tintindex": 0, "cullface": "west" }
      }
    },
    {
      "from": [ 0, 0, 8 ],
      "to": [ 8, 8, 16 ],
      "faces": {
        "down":  { "uv": [ 0, 0,  8,  8 ], "texture": "#bottom", "tintindex": 0, "cullface": "down" },
        "south": { "uv": [ 0, 8,  8, 16 ], "texture": "#side", "tintindex": 0, "cullface": "south" },
        "west":  { "uv": [ 8, 8, 16, 16 ], "texture": "#side", "tintindex": 0, "cullface": "west" }
      }
    },
    {
      "from": [ 8, 0, 0 ],
      "to": [ 16, 8, 16 ],
      "faces": {
        "down":  { "uv": [ 8, 0, 16, 16 ], "texture": "#bottom", "tintindex": 0, "cullface": "down" },
        "north": { "uv": [ 0, 8,  8, 16 ], "texture": "#side", "tintindex": 0, "cullface": "north" },
        "south": { "uv": [ 8, 8, 16, 16 ], "texture": "#side", "tintindex": 0, "cullface": "south" },
        "east":  { "uv": [ 0, 8, 16, 16 ], "texture": "#side", "tintindex": 0, "cullface": "east" }
      }
    },
    {
      "from": [ 8, 8, 0 ],
      "to": [ 16, 16, 8 ],
      "faces": {
        "up":    { "uv": [ 8, 0, 16, 8 ], "texture": "#top", "tintindex": 0, "cullface": "up" },
        "north": { "uv": [ 0, 0,  8, 8 ], "texture": "#side", "tintindex": 0, "cullface": "north" },
        "west":  { "uv": [ 0, 0,  8, 8 ], "texture": "#side", "tintindex": 0 },
        "east":  { "uv": [ 8, 0, 16, 8 ], "texture": "#side", "tintindex": 0, "cullface": "east" }
      }
    },
    {
      "from": [ 8, 8, 8 ],
      "to": [ 16, 16, 16 ],
      "faces": {
        "up":    { "uv": [ 8, 8, 16, 16 ], "texture": "#top", "tintindex": 0, "cullface": "up" },
        "south": { "uv": [ 8, 0, 16,  8 ], "texture": "#side", "tintindex": 0, "cullface": "south" },
        "east":  { "uv": [ 0, 0,  8,  8 ], "texture": "#side", "tintindex": 0, "cullface": "east" }
      }
    },
    {
      "from": [ 0, 8, 8 ],
      "to": [ 8, 16, 16 ],
      "faces": {
        "up":    { "uv": [ 0, 8,  8, 16 ], "texture": "#top", "tintindex": 0, "cullface": "up" },
        "north": { "uv": [ 8, 0, 16,  8 ], "texture": "#side", "tintindex": 0 },
        "south": { "uv": [ 0, 0,  8,  8 ], "texture": "#side", "tintindex": 0, "cullface": "south" },
        "west":  { "uv": [ 8, 0, 16,  8 ], "texture": "#side", "tintindex": 0, "cullface": "west" }
      }
    }
  ]
}