{
	"credit": "Made with Blockbench",
	"parent": "block/cube_all",
	"textures": {
		"all": "mekanismadditions:block/glow_panel"
	},
	"elements": [
		{
			"name": "center_glow",
			"from": [5, 0, 5],
			"to": [11, 2.5, 11],
			"faces": {
				"north": {"uv": [2, 2, 14, 5], "texture": "#all", "tintindex": 0},
				"east": {"uv": [2, 2, 5, 14], "rotation": 90, "texture": "#all", "tintindex": 0},
				"south": {"uv": [2, 11, 14, 14], "texture": "#all", "tintindex": 0},
				"west": {"uv": [11, 2, 14, 14], "rotation": 90, "texture": "#all", "tintindex": 0},
				"up": {"uv": [2, 2, 14, 14], "texture": "#all", "tintindex": 0},
				"down": {"uv": [2, 2, 14, 14], "texture": "#all", "tintindex": 0}
			},
			"forge_data": {
				"block_light": 15,
				"sky_light": 15
			}
		},
		{
			"name": "base_north",
			"from": [4, 0, 4],
			"to": [12, 2, 5],
			"faces": {
				"north": {"uv": [0, 0, 16, 2], "texture": "#all"},
				"east": {"uv": [0, 0, 2, 2], "rotation": 90, "texture": "#all"},
				"west": {"uv": [16, 14, 14, 16], "rotation": 90, "texture": "#all"},
				"up": {"uv": [0, 0, 16, 2], "texture": "#all"},
				"down": {"uv": [0, 14, 16, 16], "texture": "#all", "cullface": "down"}
			}
		},
		{
			"name": "base_south",
			"from": [4, 0, 11],
			"to": [12, 2, 12],
			"faces": {
				"east": {"uv": [0, 14, 2, 16], "rotation": 90, "texture": "#all"},
				"south": {"uv": [0, 16, 16, 14], "texture": "#all"},
				"west": {"uv": [16, 0, 14, 2], "rotation": 90, "texture": "#all"},
				"up": {"uv": [0, 14, 16, 16], "texture": "#all"},
				"down": {"uv": [0, 0, 16, 2], "texture": "#all", "cullface": "down"}
			}
		},
		{
			"name": "base_east",
			"from": [11, 0, 5],
			"to": [12, 2, 11],
			"faces": {
				"east": {"uv": [0, 2, 2, 14], "rotation": 90, "texture": "#all"},
				"up": {"uv": [14, 2, 16, 14], "texture": "#all"},
				"down": {"uv": [14, 2, 16, 14], "texture": "#all", "cullface": "down"}
			}
		},
		{
			"name": "base_west",
			"from": [4, 0, 5],
			"to": [5, 2, 11],
			"faces": {
				"west": {"uv": [16, 2, 14, 14], "rotation": 90, "texture": "#all"},
				"up": {"uv": [0, 2, 2, 14], "texture": "#all"},
				"down": {"uv": [0, 2, 2, 14], "texture": "#all", "cullface": "down"}
			}
		}
	],
	"display": {
		"thirdperson_righthand": {
			"rotation": [75, 45, 0],
			"translation": [0, 2.5, 3],
			"scale": [0.375, 0.375, 0.375]
		},
		"thirdperson_lefthand": {
			"rotation": [75, 45, 0],
			"translation": [0, 2.5, 3],
			"scale": [0.375, 0.375, 0.375]
		},
		"firstperson_righthand": {
			"rotation": [0, 45, 0],
			"translation": [0, 3, 0],
			"scale": [0.4, 0.4, 0.4]
		},
		"firstperson_lefthand": {
			"rotation": [0, 225, 0],
			"translation": [0, 3, 0],
			"scale": [0.4, 0.4, 0.4]
		},
		"ground": {
			"translation": [0, 3, 0],
			"scale": [0.25, 0.25, 0.25]
		},
		"gui": {
			"rotation": [30, 225, 0],
			"translation": [0, 1.5, 0],
			"scale": [0.8, 0.8, 0.8]
		},
		"fixed": {
			"rotation": [-90, 0, 0],
			"translation": [0, 0, -3.75],
			"scale": [0.5, 0.5, 0.5]
		}
	}
}